text,label
"Python pandas numpy sql power bi excel dashboard data visualization reporting kpi","Data Analyst"
"sql mysql postgresql excel power bi tableau pandas data cleaning analytics","Data Analyst"
"python pandas numpy matplotlib seaborn statistics business intelligence etl","Data Analyst"
"power bi dax power query excel sql dashboard visualization reporting","Data Analyst"
"python sql data cleaning exploratory analysis pandas numpy excel charts","Data Analyst"
"tableau sql excel reporting kpi pandas analytics dashboard","Data Analyst"
"data analyst python sql power bi statistics visualization","Data Analyst"
"pandas numpy sql excel power bi data visualization business analysis","Data Analyst"
"python pandas mysql tableau dashboard data reporting analytics","Data Analyst"
"sql power bi dax excel pandas data preparation reporting","Data Analyst"
"python machine learning scikit learn tensorflow pytorch neural networks deep learning","Data Scientist"
"python numpy pandas sklearn classification regression clustering model evaluation","Data Scientist"
"machine learning python tensorflow keras deep learning nlp computer vision","Data Scientist"
"python statistics machine learning feature engineering model training sklearn","Data Scientist"
"data science python pandas numpy scipy sklearn tensorflow","Data Scientist"
"python predictive modeling regression classification clustering neural networks","Data Scientist"
"scikit learn python machine learning algorithms hyperparameter tuning","Data Scientist"
"python deep learning pytorch tensorflow artificial intelligence ml","Data Scientist"
"python nlp transformers machine learning embeddings model evaluation","Data Scientist"
"data scientist python statistics sklearn pandas machine learning","Data Scientist"
"java spring boot hibernate mysql rest api microservices maven","Java Developer"
"java oop collections jdbc spring boot rest api mysql","Java Developer"
"java spring mvc spring boot hibernate jpa postgresql","Java Developer"
"java maven gradle spring boot microservices docker rest","Java Developer"
"core java oops multithreading jdbc mysql spring","Java Developer"
"java spring boot api development hibernate mysql git","Java Developer"
"java backend spring security jwt rest api mongodb","Java Developer"
"java collections exception handling spring boot sql","Java Developer"
"java developer spring boot jpa mysql microservices","Java Developer"
"java oop dsa spring boot rest services database","Java Developer"
"html css javascript react frontend web development responsive ui","Web Developer"
"html css javascript bootstrap react js responsive website","Web Developer"
"javascript react node frontend web design css html","Web Developer"
"html css javascript jquery wordpress responsive web development","Web Developer"
"react javascript html css api integration frontend","Web Developer"
"frontend developer html css javascript typescript react","Web Developer"
"web development javascript bootstrap html css ui ux","Web Developer"
"react js javascript css html web applications frontend","Web Developer"
"html css javascript tailwind responsive web applications","Web Developer"
"javascript react frontend development rest api html css","Web Developer"
"software developer java python dsa oop algorithms git sql problem solving","Software Developer"
"software engineer programming java python data structures algorithms sql","Software Developer"
"c++ java python dsa object oriented programming software development","Software Developer"
"software development git testing debugging algorithms java","Software Developer"
"python java dsa oop databases software engineering","Software Developer"
"software engineer java sql git api development problem solving","Software Developer"
"c c++ java algorithms data structures programming software developer","Software Developer"
"python programming dsa oop git software development testing","Software Developer"
"java python backend development algorithms databases software engineering","Software Developer"
"software developer coding debugging git sql oop dsa","Software Developer"